FEM_lvl=0_disc=linear;FEM_lvl=0_disc=serendipity;FEM_lvl=1_disc=linear;FEM_lvl=1_disc=serendipity;FEM_lvl=2_disc=linear;FEM_lvl=2_disc=serendipity;FEM_lvl=3_disc=linear;FEM_lvl=3_disc=serendipity;DG_lvl=0_konf=sym;DG_lvl=0_konf=nonsym;DG_lvl=1_konf=sym;DG_lvl=1_konf=nonsym;DG_lvl=2_konf=sym;DG_lvl=2_konf=nonsym;DG_lvl=3_konf=sym;DG_lvl=3_konf=nonsym;DG2_lvl=0;DG2_lvl=1;DG2_lvl=2;DG2_lvl=3;DG3_penalty=0;DG3_penalty=1;DG3_penalty=5;DG3_penalty=10;DG3_penalty=25;DG3_penalty=50;DG3_penalty=100
342;1236;1183;4418;4307;16526;16291;63686;1434;1434;5736;5736;22944;22944;91776;91776;2868;11472;45888;183552;183552;183552;183552;183552;183552;183552;183552
-2.28269;-1.84244;-2.04055;-1.61105;-1.81027;-1.40426;-1.57827;-1.22643;-2.12701;-1.0;-1.90691;-1.0;-1.70577;-1.0;-1.50628;-0.999999;-1.56425;-1.43463;-1.2907;-1.18908;nan;nan;-6350700000.0;-1.13705;-1.18908;-1.21803;-1.23757
2.27662;1.82113;2.02767;1.6011;1.79743;1.39833;1.56823;0.998628;2.12469;1.0;1.899;1.0;1.69664;1.0;1.49881;0.999796;1.55244;1.42943;1.28808;1.18766;0.0;0.0;428847000.0;1.13713;1.18766;1.21588;1.23494
1.44483;0.923449;1.20341;0.767125;0.983003;0.681194;0.832266;0.528668;1.28749;1.55621e-10;1.04908;1.4762e-10;0.843606;1.3112e-10;0.706264;1.00683e-06;0.6363;0.530385;0.470803;0.418028;nan;nan;21225500.0;0.291323;0.418028;0.492532;0.542574
-0.00606726;-0.021308;-0.0128817;-0.00994833;-0.0128437;-0.00592896;-0.0100386;-0.227802;-0.00231758;-2.14497e-11;-0.00791294;-3.13157e-09;-0.00913205;-1.27716e-08;-0.00747235;-0.00020341;-0.0118087;-0.00519469;-0.00261868;-0.00141617;nan;nan;-5921850000.0;8.08044e-05;-0.00141617;-0.00215198;-0.00262756
0.04;0.14;0.11;0.37;0.66;2.01;2.38;7.88;0.09;0.13;0.41;0.67;1.23;4.81;4.40;37.09;0.12;0.52;1.79;7.79;3:35.01;3:43.00;3:38.00;5.34;7.75;13.32;30.34
seconds;seconds;seconds;seconds;seconds;seconds;seconds;seconds;seconds;seconds;seconds;seconds;seconds;seconds;seconds;seconds;seconds;seconds;seconds;seconds;minutes;minutes;minutes;seconds;seconds;seconds;seconds
